Model,RMSE,MAE,MAPE
univariate_MLP_example_1,994.74503753337,756.546875,0.009877948273165271
